{
  "requestHandler":{
    "/query":{
      "name":"/query",
      "class":"solr.SearchHandler",
      "defaults":{
        "wt":"json",
        "indent":"true",
        "defType":"edismax",
        "spellcheck":"true",
        "spellcheck.count":"1",
        "spellcheck.alternativeTermCount":"5",
        "spellcheck.extendedResults":"true",
        "spellcheck.collate":"true",
        "spellcheck.maxCollations":"1",
        "spellcheck.maxCollationTries":"10",
        "spellcheck.collateExtendedResults":"true",
        "spellcheck.maxResultsForSuggest":"3",
        "spellcheck.dictionary":"default",
        "hl":"true",
        "hl.tag.pre":"<strong>",
        "hl.tag.post":"</strong>",
        "hl.defaultSummary":"true",
        "hl.fl":[
          "doc_txt",
          "question_txt",
          "answer_txt"]},
      "last-components":["spellcheck"]},
    "/suggest":{
      "name":"/suggest",
      "class":"solr.SearchHandler",
      "defaults":{
        "wt":"json",
        "indent":"true",
        "defType":"edismax",
        "spellcheck":"true",
        "spellcheck.count":"1",
        "spellcheck.alternativeTermCount":"5",
        "spellcheck.extendedResults":"true",
        "spellcheck.collate":"true",
        "spellcheck.maxCollations":"1",
        "spellcheck.maxCollationTries":"10",
        "spellcheck.collateExtendedResults":"true",
        "spellcheck.maxResultsForSuggest":"3",
        "spellcheck.dictionary":"default",
        "qf":"_suggest_text_^10 _suggest_n_gram_text_"},
      "last-components":["spellcheck"]}},
  "userProps":{"update.autoCreateFields":false},
  "props":{"updateHandler":{"autoSoftCommit":{"maxTime":60000}}},
  "searchComponent":{"spellcheck":{
      "name":"spellcheck",
      "class":"solr.SpellCheckComponent",
      "queryAnalyzerFieldType":"basic_text",
      "spellchecker":{
        "name":"default",
        "field":"_spellcheck_text_",
        "classname":"solr.DirectSolrSpellChecker",
        "distanceMeasure":"internal",
        "accuracy":0.5,
        "maxEdits":2,
        "minPrefix":1,
        "maxInspections":5,
        "minQueryLength":4,
        "maxQueryFrequency":0.01}}}}