<?xml version="1.0" encoding="UTF-8"?>
<!-- Solr managed schema - automatically generated - DO NOT EDIT -->
<schema name="default-config" version="1.6">
  <uniqueKey>id</uniqueKey>
  <fieldType name="_nest_path_" class="solr.NestPathField" omitTermFreqAndPositions="true" omitNorms="true" maxCharsForDocValues="-1" stored="false" multiValued="false"/>
  <fieldType name="ancestor_path" class="solr.TextField">
    <analyzer type="index">
      <tokenizer name="keyword"/>
    </analyzer>
    <analyzer type="query">
      <tokenizer name="pathHierarchy" delimiter="/"/>
    </analyzer>
  </fieldType>
  <fieldType name="basic_text" class="solr.TextField" positionIncrementGap="100">
    <analyzer>
      <tokenizer name="standard"/>
      <filter name="lowercase"/>
    </analyzer>
  </fieldType>
  <fieldType name="binary" class="solr.BinaryField"/>
  <fieldType name="boolean" class="solr.BoolField" sortMissingLast="true"/>
  <fieldType name="booleans" class="solr.BoolField" sortMissingLast="true" multiValued="true"/>
  <fieldType name="delimited_payloads_float" class="solr.TextField" indexed="true" stored="false">
    <analyzer>
      <tokenizer name="whitespace"/>
      <filter encoder="float" name="delimitedPayload"/>
    </analyzer>
  </fieldType>
  <fieldType name="delimited_payloads_int" class="solr.TextField" indexed="true" stored="false">
    <analyzer>
      <tokenizer name="whitespace"/>
      <filter encoder="integer" name="delimitedPayload"/>
    </analyzer>
  </fieldType>
  <fieldType name="delimited_payloads_string" class="solr.TextField" indexed="true" stored="false">
    <analyzer>
      <tokenizer name="whitespace"/>
      <filter encoder="identity" name="delimitedPayload"/>
    </analyzer>
  </fieldType>
  <fieldType name="descendent_path" class="solr.TextField">
    <analyzer type="index">
      <tokenizer name="pathHierarchy" delimiter="/"/>
    </analyzer>
    <analyzer type="query">
      <tokenizer name="keyword"/>
    </analyzer>
  </fieldType>
  <fieldType name="edge_n_gram_text" class="solr.TextField" positionIncrementGap="100">
    <analyzer type="index">
      <tokenizer name="standard"/>
      <filter name="lowercase"/>
      <filter minGramSize="2" maxGramSize="10" name="edgeNGram" preserveOriginal="true"/>
    </analyzer>
    <analyzer type="query">
      <tokenizer name="standard"/>
      <filter name="lowercase"/>
    </analyzer>
  </fieldType>
  <fieldType name="entry_type" class="solr.EnumFieldType" enumsConfig="enumsConfig.xml" docValues="true" enumName="entry"/>
  <fieldType name="ignored" class="solr.StrField" indexed="false" stored="false" multiValued="true"/>
  <fieldType name="location" class="solr.LatLonPointSpatialField" docValues="true"/>
  <fieldType name="location_rpt" class="solr.SpatialRecursivePrefixTreeFieldType" geo="true" maxDistErr="0.001" distErrPct="0.025" distanceUnits="kilometers"/>
  <fieldType name="lowercase" class="solr.TextField" positionIncrementGap="100">
    <analyzer>
      <tokenizer name="keyword"/>
      <filter name="lowercase"/>
    </analyzer>
  </fieldType>
  <fieldType name="org_role_type" class="solr.EnumFieldType" enumsConfig="enumsConfig.xml" docValues="true" enumName="org_role"/>
  <fieldType name="pdate" class="solr.DatePointField" docValues="true"/>
  <fieldType name="pdates" class="solr.DatePointField" docValues="true" multiValued="true"/>
  <fieldType name="pdouble" class="solr.DoublePointField" docValues="true"/>
  <fieldType name="pdoubles" class="solr.DoublePointField" docValues="true" multiValued="true"/>
  <fieldType name="pfloat" class="solr.FloatPointField" docValues="true"/>
  <fieldType name="pfloats" class="solr.FloatPointField" docValues="true" multiValued="true"/>
  <fieldType name="phonetic_en" class="solr.TextField" indexed="true" stored="false">
    <analyzer>
      <tokenizer name="standard"/>
      <filter inject="false" name="doubleMetaphone"/>
    </analyzer>
  </fieldType>
  <fieldType name="pint" class="solr.IntPointField" docValues="true"/>
  <fieldType name="pints" class="solr.IntPointField" docValues="true" multiValued="true"/>
  <fieldType name="plong" class="solr.LongPointField" docValues="true"/>
  <fieldType name="plongs" class="solr.LongPointField" docValues="true" multiValued="true"/>
  <fieldType name="point" class="solr.PointType" subFieldSuffix="_d" dimension="2"/>
  <fieldType name="random" class="solr.RandomSortField" indexed="true"/>
  <fieldType name="rank" class="solr.RankField"/>
  <fieldType name="string" class="solr.StrField" sortMissingLast="true" docValues="true"/>
  <fieldType name="strings" class="solr.StrField" sortMissingLast="true" docValues="true" multiValued="true"/>
  <fieldType name="text_ar" class="solr.TextField" positionIncrementGap="100">
    <analyzer>
      <tokenizer name="standard"/>
      <filter name="lowercase"/>
      <filter name="stop" ignoreCase="true" words="lang/stopwords_ar.txt"/>
      <filter name="arabicNormalization"/>
      <filter name="arabicStem"/>
    </analyzer>
  </fieldType>
  <fieldType name="text_bg" class="solr.TextField" positionIncrementGap="100">
    <analyzer>
      <tokenizer name="standard"/>
      <filter name="lowercase"/>
      <filter name="stop" ignoreCase="true" words="lang/stopwords_bg.txt"/>
      <filter name="bulgarianStem"/>
    </analyzer>
  </fieldType>
  <fieldType name="text_ca" class="solr.TextField" positionIncrementGap="100">
    <analyzer>
      <tokenizer name="standard"/>
      <filter name="elision" ignoreCase="true" articles="lang/contractions_ca.txt"/>
      <filter name="lowercase"/>
      <filter name="stop" ignoreCase="true" words="lang/stopwords_ca.txt"/>
      <filter language="Catalan" name="snowballPorter"/>
    </analyzer>
  </fieldType>
  <fieldType name="text_cjk" class="solr.TextField" positionIncrementGap="100">
    <analyzer>
      <tokenizer name="standard"/>
      <filter name="CJKWidth"/>
      <filter name="lowercase"/>
      <filter name="CJKBigram"/>
    </analyzer>
  </fieldType>
  <fieldType name="text_cz" class="solr.TextField" positionIncrementGap="100">
    <analyzer>
      <tokenizer name="standard"/>
      <filter name="lowercase"/>
      <filter name="stop" ignoreCase="true" words="lang/stopwords_cz.txt"/>
      <filter name="czechStem"/>
    </analyzer>
  </fieldType>
  <fieldType name="text_da" class="solr.TextField" positionIncrementGap="100">
    <analyzer>
      <tokenizer name="standard"/>
      <filter name="lowercase"/>
      <filter format="snowball" ignoreCase="true" words="lang/stopwords_da.txt" name="stop"/>
      <filter language="Danish" name="snowballPorter"/>
    </analyzer>
  </fieldType>
  <fieldType name="text_de" class="solr.TextField" positionIncrementGap="100">
    <analyzer>
      <tokenizer name="standard"/>
      <filter name="lowercase"/>
      <filter format="snowball" ignoreCase="true" words="lang/stopwords_de.txt" name="stop"/>
      <filter name="germanNormalization"/>
      <filter name="germanLightStem"/>
    </analyzer>
  </fieldType>
  <fieldType name="text_el" class="solr.TextField" positionIncrementGap="100">
    <analyzer>
      <tokenizer name="standard"/>
      <filter name="greekLowercase"/>
      <filter name="stop" ignoreCase="false" words="lang/stopwords_el.txt"/>
      <filter name="greekStem"/>
    </analyzer>
  </fieldType>
  <fieldType name="text_en" class="solr.TextField" positionIncrementGap="100">
    <analyzer type="index">
      <tokenizer name="standard"/>
      <filter name="stop" ignoreCase="true" words="lang/stopwords_en.txt"/>
      <filter name="lowercase"/>
      <filter name="englishPossessive"/>
      <filter protected="protwords.txt" name="keywordMarker"/>
      <filter name="porterStem"/>
    </analyzer>
    <analyzer type="query">
      <tokenizer name="standard"/>
      <filter expand="true" ignoreCase="true" synonyms="synonyms.txt" name="synonymGraph"/>
      <filter name="stop" ignoreCase="true" words="lang/stopwords_en.txt"/>
      <filter name="lowercase"/>
      <filter name="englishPossessive"/>
      <filter protected="protwords.txt" name="keywordMarker"/>
      <filter name="porterStem"/>
    </analyzer>
  </fieldType>
  <fieldType name="text_en_splitting" class="solr.TextField" autoGeneratePhraseQueries="true" positionIncrementGap="100">
    <analyzer type="index">
      <tokenizer name="whitespace"/>
      <filter name="stop" ignoreCase="true" words="lang/stopwords_en.txt"/>
      <filter catenateNumbers="1" catenateWords="1" generateNumberParts="1" generateWordParts="1" catenateAll="0" name="wordDelimiterGraph" splitOnCaseChange="1"/>
      <filter name="lowercase"/>
      <filter protected="protwords.txt" name="keywordMarker"/>
      <filter name="porterStem"/>
      <filter name="flattenGraph"/>
    </analyzer>
    <analyzer type="query">
      <tokenizer name="whitespace"/>
      <filter expand="true" ignoreCase="true" synonyms="synonyms.txt" name="synonymGraph"/>
      <filter name="stop" ignoreCase="true" words="lang/stopwords_en.txt"/>
      <filter catenateNumbers="0" catenateWords="0" generateNumberParts="1" generateWordParts="1" catenateAll="0" name="wordDelimiterGraph" splitOnCaseChange="1"/>
      <filter name="lowercase"/>
      <filter protected="protwords.txt" name="keywordMarker"/>
      <filter name="porterStem"/>
    </analyzer>
  </fieldType>
  <fieldType name="text_en_splitting_tight" class="solr.TextField" autoGeneratePhraseQueries="true" positionIncrementGap="100">
    <analyzer type="index">
      <tokenizer name="whitespace"/>
      <filter expand="false" ignoreCase="true" synonyms="synonyms.txt" name="synonymGraph"/>
      <filter name="stop" ignoreCase="true" words="lang/stopwords_en.txt"/>
      <filter generateWordParts="0" catenateNumbers="1" catenateWords="1" name="wordDelimiterGraph" generateNumberParts="0" catenateAll="0"/>
      <filter name="lowercase"/>
      <filter protected="protwords.txt" name="keywordMarker"/>
      <filter name="englishMinimalStem"/>
      <filter name="removeDuplicates"/>
      <filter name="flattenGraph"/>
    </analyzer>
    <analyzer type="query">
      <tokenizer name="whitespace"/>
      <filter expand="false" ignoreCase="true" synonyms="synonyms.txt" name="synonymGraph"/>
      <filter name="stop" ignoreCase="true" words="lang/stopwords_en.txt"/>
      <filter generateWordParts="0" catenateNumbers="1" catenateWords="1" name="wordDelimiterGraph" generateNumberParts="0" catenateAll="0"/>
      <filter name="lowercase"/>
      <filter protected="protwords.txt" name="keywordMarker"/>
      <filter name="englishMinimalStem"/>
      <filter name="removeDuplicates"/>
    </analyzer>
  </fieldType>
  <fieldType name="text_es" class="solr.TextField" positionIncrementGap="100">
    <analyzer>
      <tokenizer name="standard"/>
      <filter name="lowercase"/>
      <filter format="snowball" ignoreCase="true" words="lang/stopwords_es.txt" name="stop"/>
      <filter name="spanishLightStem"/>
    </analyzer>
  </fieldType>
  <fieldType name="text_et" class="solr.TextField" positionIncrementGap="100">
    <analyzer>
      <tokenizer name="standard"/>
      <filter name="lowercase"/>
      <filter name="stop" ignoreCase="true" words="lang/stopwords_et.txt"/>
      <filter language="Estonian" name="snowballPorter"/>
    </analyzer>
  </fieldType>
  <fieldType name="text_eu" class="solr.TextField" positionIncrementGap="100">
    <analyzer>
      <tokenizer name="standard"/>
      <filter name="lowercase"/>
      <filter name="stop" ignoreCase="true" words="lang/stopwords_eu.txt"/>
      <filter language="Basque" name="snowballPorter"/>
    </analyzer>
  </fieldType>
  <fieldType name="text_fa" class="solr.TextField" positionIncrementGap="100">
    <analyzer>
      <charFilter name="persian"/>
      <tokenizer name="standard"/>
      <filter name="lowercase"/>
      <filter name="arabicNormalization"/>
      <filter name="persianNormalization"/>
      <filter name="stop" ignoreCase="true" words="lang/stopwords_fa.txt"/>
    </analyzer>
  </fieldType>
  <fieldType name="text_fi" class="solr.TextField" positionIncrementGap="100">
    <analyzer>
      <tokenizer name="standard"/>
      <filter name="lowercase"/>
      <filter format="snowball" ignoreCase="true" words="lang/stopwords_fi.txt" name="stop"/>
      <filter language="Finnish" name="snowballPorter"/>
    </analyzer>
  </fieldType>
  <fieldType name="text_fr" class="solr.TextField" positionIncrementGap="100">
    <analyzer>
      <tokenizer name="standard"/>
      <filter name="elision" ignoreCase="true" articles="lang/contractions_fr.txt"/>
      <filter name="lowercase"/>
      <filter format="snowball" ignoreCase="true" words="lang/stopwords_fr.txt" name="stop"/>
      <filter name="frenchLightStem"/>
    </analyzer>
  </fieldType>
  <fieldType name="text_ga" class="solr.TextField" positionIncrementGap="100">
    <analyzer>
      <tokenizer name="standard"/>
      <filter name="elision" ignoreCase="true" articles="lang/contractions_ga.txt"/>
      <filter name="stop" ignoreCase="true" words="lang/hyphenations_ga.txt"/>
      <filter name="irishLowercase"/>
      <filter name="stop" ignoreCase="true" words="lang/stopwords_ga.txt"/>
      <filter language="Irish" name="snowballPorter"/>
    </analyzer>
  </fieldType>
  <fieldType name="text_gen_sort" class="solr.SortableTextField" positionIncrementGap="100" multiValued="true">
    <analyzer type="index">
      <tokenizer name="standard"/>
      <filter name="stop" ignoreCase="true" words="stopwords.txt"/>
      <filter name="lowercase"/>
    </analyzer>
    <analyzer type="query">
      <tokenizer name="standard"/>
      <filter name="stop" ignoreCase="true" words="stopwords.txt"/>
      <filter expand="true" ignoreCase="true" synonyms="synonyms.txt" name="synonymGraph"/>
      <filter name="lowercase"/>
    </analyzer>
  </fieldType>
  <fieldType name="text_general" class="solr.TextField" positionIncrementGap="100" multiValued="true">
    <analyzer type="index">
      <tokenizer name="standard"/>
      <filter name="stop" ignoreCase="true" words="stopwords.txt"/>
      <filter name="lowercase"/>
    </analyzer>
    <analyzer type="query">
      <tokenizer name="standard"/>
      <filter name="stop" ignoreCase="true" words="stopwords.txt"/>
      <filter expand="true" ignoreCase="true" synonyms="synonyms.txt" name="synonymGraph"/>
      <filter name="lowercase"/>
    </analyzer>
  </fieldType>
  <fieldType name="text_general_rev" class="solr.TextField" positionIncrementGap="100">
    <analyzer type="index">
      <tokenizer name="standard"/>
      <filter name="stop" ignoreCase="true" words="stopwords.txt"/>
      <filter name="lowercase"/>
      <filter maxFractionAsterisk="0.33" name="reversedWildcard" maxPosQuestion="2" withOriginal="true" maxPosAsterisk="3"/>
    </analyzer>
    <analyzer type="query">
      <tokenizer name="standard"/>
      <filter expand="true" ignoreCase="true" synonyms="synonyms.txt" name="synonymGraph"/>
      <filter name="stop" ignoreCase="true" words="stopwords.txt"/>
      <filter name="lowercase"/>
    </analyzer>
  </fieldType>
  <fieldType name="text_gl" class="solr.TextField" positionIncrementGap="100">
    <analyzer>
      <tokenizer name="standard"/>
      <filter name="lowercase"/>
      <filter name="stop" ignoreCase="true" words="lang/stopwords_gl.txt"/>
      <filter name="galicianStem"/>
    </analyzer>
  </fieldType>
  <fieldType name="text_hi" class="solr.TextField" positionIncrementGap="100">
    <analyzer>
      <tokenizer name="standard"/>
      <filter name="lowercase"/>
      <filter name="indicNormalization"/>
      <filter name="hindiNormalization"/>
      <filter name="stop" ignoreCase="true" words="lang/stopwords_hi.txt"/>
      <filter name="hindiStem"/>
    </analyzer>
  </fieldType>
  <fieldType name="text_hu" class="solr.TextField" positionIncrementGap="100">
    <analyzer>
      <tokenizer name="standard"/>
      <filter name="lowercase"/>
      <filter format="snowball" ignoreCase="true" words="lang/stopwords_hu.txt" name="stop"/>
      <filter language="Hungarian" name="snowballPorter"/>
    </analyzer>
  </fieldType>
  <fieldType name="text_hy" class="solr.TextField" positionIncrementGap="100">
    <analyzer>
      <tokenizer name="standard"/>
      <filter name="lowercase"/>
      <filter name="stop" ignoreCase="true" words="lang/stopwords_hy.txt"/>
      <filter language="Armenian" name="snowballPorter"/>
    </analyzer>
  </fieldType>
  <fieldType name="text_id" class="solr.TextField" positionIncrementGap="100">
    <analyzer>
      <tokenizer name="standard"/>
      <filter name="lowercase"/>
      <filter name="stop" ignoreCase="true" words="lang/stopwords_id.txt"/>
      <filter stemDerivational="true" name="indonesianStem"/>
    </analyzer>
  </fieldType>
  <fieldType name="text_it" class="solr.TextField" positionIncrementGap="100">
    <analyzer>
      <tokenizer name="standard"/>
      <filter name="elision" ignoreCase="true" articles="lang/contractions_it.txt"/>
      <filter name="lowercase"/>
      <filter format="snowball" ignoreCase="true" words="lang/stopwords_it.txt" name="stop"/>
      <filter name="italianLightStem"/>
    </analyzer>
  </fieldType>
  <fieldType name="text_ja" class="solr.TextField" autoGeneratePhraseQueries="false" positionIncrementGap="100">
    <analyzer>
      <tokenizer mode="search" name="japanese"/>
      <filter name="japaneseBaseForm"/>
      <filter tags="lang/stoptags_ja.txt" name="japanesePartOfSpeechStop"/>
      <filter name="cjkWidth"/>
      <filter name="stop" ignoreCase="true" words="lang/stopwords_ja.txt"/>
      <filter minimumLength="4" name="japaneseKatakanaStem"/>
      <filter name="lowercase"/>
    </analyzer>
  </fieldType>
  <fieldType name="text_ko" class="solr.TextField" positionIncrementGap="100">
    <analyzer>
      <tokenizer name="korean" decompoundMode="discard" outputUnknownUnigrams="false"/>
      <filter name="koreanPartOfSpeechStop"/>
      <filter name="koreanReadingForm"/>
      <filter name="lowercase"/>
    </analyzer>
  </fieldType>
  <fieldType name="text_lv" class="solr.TextField" positionIncrementGap="100">
    <analyzer>
      <tokenizer name="standard"/>
      <filter name="lowercase"/>
      <filter name="stop" ignoreCase="true" words="lang/stopwords_lv.txt"/>
      <filter name="latvianStem"/>
    </analyzer>
  </fieldType>
  <fieldType name="text_nl" class="solr.TextField" positionIncrementGap="100">
    <analyzer>
      <tokenizer name="standard"/>
      <filter name="lowercase"/>
      <filter format="snowball" ignoreCase="true" words="lang/stopwords_nl.txt" name="stop"/>
      <filter name="stemmerOverride" ignoreCase="false" dictionary="lang/stemdict_nl.txt"/>
      <filter language="Dutch" name="snowballPorter"/>
    </analyzer>
  </fieldType>
  <fieldType name="text_no" class="solr.TextField" positionIncrementGap="100">
    <analyzer>
      <tokenizer name="standard"/>
      <filter name="lowercase"/>
      <filter format="snowball" ignoreCase="true" words="lang/stopwords_no.txt" name="stop"/>
      <filter language="Norwegian" name="snowballPorter"/>
    </analyzer>
  </fieldType>
  <fieldType name="text_pt" class="solr.TextField" positionIncrementGap="100">
    <analyzer>
      <tokenizer name="standard"/>
      <filter name="lowercase"/>
      <filter format="snowball" ignoreCase="true" words="lang/stopwords_pt.txt" name="stop"/>
      <filter name="portugueseLightStem"/>
    </analyzer>
  </fieldType>
  <fieldType name="text_ro" class="solr.TextField" positionIncrementGap="100">
    <analyzer>
      <tokenizer name="standard"/>
      <filter name="lowercase"/>
      <filter name="stop" ignoreCase="true" words="lang/stopwords_ro.txt"/>
      <filter language="Romanian" name="snowballPorter"/>
    </analyzer>
  </fieldType>
  <fieldType name="text_ru" class="solr.TextField" positionIncrementGap="100">
    <analyzer>
      <tokenizer name="standard"/>
      <filter name="lowercase"/>
      <filter format="snowball" ignoreCase="true" words="lang/stopwords_ru.txt" name="stop"/>
      <filter language="Russian" name="snowballPorter"/>
    </analyzer>
  </fieldType>
  <fieldType name="text_sv" class="solr.TextField" positionIncrementGap="100">
    <analyzer>
      <tokenizer name="standard"/>
      <filter name="lowercase"/>
      <filter format="snowball" ignoreCase="true" words="lang/stopwords_sv.txt" name="stop"/>
      <filter language="Swedish" name="snowballPorter"/>
    </analyzer>
  </fieldType>
  <fieldType name="text_th" class="solr.TextField" positionIncrementGap="100">
    <analyzer>
      <tokenizer name="thai"/>
      <filter name="lowercase"/>
      <filter name="stop" ignoreCase="true" words="lang/stopwords_th.txt"/>
    </analyzer>
  </fieldType>
  <fieldType name="text_tr" class="solr.TextField" positionIncrementGap="100">
    <analyzer>
      <tokenizer name="standard"/>
      <filter name="turkishLowercase"/>
      <filter name="stop" ignoreCase="false" words="lang/stopwords_tr.txt"/>
      <filter language="Turkish" name="snowballPorter"/>
    </analyzer>
  </fieldType>
  <fieldType name="text_ws" class="solr.TextField" positionIncrementGap="100">
    <analyzer>
      <tokenizer name="whitespace"/>
    </analyzer>
  </fieldType>
  <field name="_nest_path_" type="_nest_path_"/>
  <field name="_root_" type="string" docValues="false" indexed="true" stored="false"/>
  <field name="_spellcheck_text_" type="basic_text" multiValued="true" stored="false"/>
  <field name="_suggest_n_gram_text_" type="edge_n_gram_text" multiValued="true" stored="false"/>
  <field name="_suggest_text_" type="basic_text" multiValued="true" stored="false"/>
  <field name="_text_" type="text_general" multiValued="true" indexed="true" stored="false"/>
  <field name="_version_" type="plong" indexed="false" stored="false"/>
  <field name="answer_txt" type="text_general" multiValued="false"/>
  <field name="created_at" type="pdate"/>
  <field name="creator" type="string"/>
  <field name="doc_title" type="text_general" multiValued="false"/>
  <field name="doc_txt" type="text_general" multiValued="false"/>
  <field name="entry_type" type="entry_type" required="true"/>
  <field name="id" type="string" multiValued="false" indexed="true" required="true" stored="true"/>
  <field name="maintainer" type="string"/>
  <field name="marked_up_to_date_at" type="pdate"/>
  <field name="org_role" type="org_role_type"/>
  <field name="qna_title" type="text_general" multiValued="false"/>
  <field name="question_txt" type="text_general" multiValued="false"/>
  <field name="slug" type="string" required="true"/>
  <field name="team" type="string"/>
  <field name="team_name" type="text_general" multiValued="false"/>
  <field name="up_to_date" type="boolean" docValues="true"/>
  <field name="updated_at" type="pdate"/>
  <field name="user_display_name" type="text_general" multiValued="false"/>
  <field name="user_email" type="string"/>
  <field name="user_name" type="text_general" multiValued="false"/>
  <field name="user_phone_number" type="string"/>
  <dynamicField name="*_txt_en_split_tight" type="text_en_splitting_tight" indexed="true" stored="true"/>
  <dynamicField name="*_descendent_path" type="descendent_path" indexed="true" stored="true"/>
  <dynamicField name="*_ancestor_path" type="ancestor_path" indexed="true" stored="true"/>
  <dynamicField name="*_txt_en_split" type="text_en_splitting" indexed="true" stored="true"/>
  <dynamicField name="*_txt_sort" type="text_gen_sort" indexed="true" stored="true"/>
  <dynamicField name="ignored_*" type="ignored"/>
  <dynamicField name="*_txt_rev" type="text_general_rev" indexed="true" stored="true"/>
  <dynamicField name="*_phon_en" type="phonetic_en" indexed="true" stored="true"/>
  <dynamicField name="*_s_lower" type="lowercase" indexed="true" stored="true"/>
  <dynamicField name="*_txt_cjk" type="text_cjk" indexed="true" stored="true"/>
  <dynamicField name="random_*" type="random"/>
  <dynamicField name="*_t_sort" type="text_gen_sort" multiValued="false" indexed="true" stored="true"/>
  <dynamicField name="*_txt_en" type="text_en" indexed="true" stored="true"/>
  <dynamicField name="*_txt_ar" type="text_ar" indexed="true" stored="true"/>
  <dynamicField name="*_txt_bg" type="text_bg" indexed="true" stored="true"/>
  <dynamicField name="*_txt_ca" type="text_ca" indexed="true" stored="true"/>
  <dynamicField name="*_txt_cz" type="text_cz" indexed="true" stored="true"/>
  <dynamicField name="*_txt_da" type="text_da" indexed="true" stored="true"/>
  <dynamicField name="*_txt_de" type="text_de" indexed="true" stored="true"/>
  <dynamicField name="*_txt_el" type="text_el" indexed="true" stored="true"/>
  <dynamicField name="*_txt_es" type="text_es" indexed="true" stored="true"/>
  <dynamicField name="*_txt_et" type="text_et" indexed="true" stored="true"/>
  <dynamicField name="*_txt_eu" type="text_eu" indexed="true" stored="true"/>
  <dynamicField name="*_txt_fa" type="text_fa" indexed="true" stored="true"/>
  <dynamicField name="*_txt_fi" type="text_fi" indexed="true" stored="true"/>
  <dynamicField name="*_txt_fr" type="text_fr" indexed="true" stored="true"/>
  <dynamicField name="*_txt_ga" type="text_ga" indexed="true" stored="true"/>
  <dynamicField name="*_txt_gl" type="text_gl" indexed="true" stored="true"/>
  <dynamicField name="*_txt_hi" type="text_hi" indexed="true" stored="true"/>
  <dynamicField name="*_txt_hu" type="text_hu" indexed="true" stored="true"/>
  <dynamicField name="*_txt_hy" type="text_hy" indexed="true" stored="true"/>
  <dynamicField name="*_txt_id" type="text_id" indexed="true" stored="true"/>
  <dynamicField name="*_txt_it" type="text_it" indexed="true" stored="true"/>
  <dynamicField name="*_txt_ja" type="text_ja" indexed="true" stored="true"/>
  <dynamicField name="*_txt_ko" type="text_ko" indexed="true" stored="true"/>
  <dynamicField name="*_txt_lv" type="text_lv" indexed="true" stored="true"/>
  <dynamicField name="*_txt_nl" type="text_nl" indexed="true" stored="true"/>
  <dynamicField name="*_txt_no" type="text_no" indexed="true" stored="true"/>
  <dynamicField name="*_txt_pt" type="text_pt" indexed="true" stored="true"/>
  <dynamicField name="*_txt_ro" type="text_ro" indexed="true" stored="true"/>
  <dynamicField name="*_txt_ru" type="text_ru" indexed="true" stored="true"/>
  <dynamicField name="*_txt_sv" type="text_sv" indexed="true" stored="true"/>
  <dynamicField name="*_txt_th" type="text_th" indexed="true" stored="true"/>
  <dynamicField name="*_txt_tr" type="text_tr" indexed="true" stored="true"/>
  <dynamicField name="*_point" type="point" indexed="true" stored="true"/>
  <dynamicField name="*_srpt" type="location_rpt" indexed="true" stored="true"/>
  <dynamicField name="attr_*" type="text_general" multiValued="true" indexed="true" stored="true"/>
  <dynamicField name="*_dts" type="pdates" indexed="true" stored="true"/>
  <dynamicField name="*_txt" type="text_general" indexed="true" stored="true"/>
  <dynamicField name="*_str" type="strings" docValues="true" indexed="false" stored="false" useDocValuesAsStored="false"/>
  <dynamicField name="*_dpf" type="delimited_payloads_float" indexed="true" stored="true"/>
  <dynamicField name="*_dpi" type="delimited_payloads_int" indexed="true" stored="true"/>
  <dynamicField name="*_dps" type="delimited_payloads_string" indexed="true" stored="true"/>
  <dynamicField name="*_is" type="pints" indexed="true" stored="true"/>
  <dynamicField name="*_ss" type="strings" indexed="true" stored="true"/>
  <dynamicField name="*_ls" type="plongs" indexed="true" stored="true"/>
  <dynamicField name="*_bs" type="booleans" indexed="true" stored="true"/>
  <dynamicField name="*_fs" type="pfloats" indexed="true" stored="true"/>
  <dynamicField name="*_ds" type="pdoubles" indexed="true" stored="true"/>
  <dynamicField name="*_dt" type="pdate" indexed="true" stored="true"/>
  <dynamicField name="*_ws" type="text_ws" indexed="true" stored="true"/>
  <dynamicField name="*_i" type="pint" indexed="true" stored="true"/>
  <dynamicField name="*_s" type="string" indexed="true" stored="true"/>
  <dynamicField name="*_l" type="plong" indexed="true" stored="true"/>
  <dynamicField name="*_b" type="boolean" indexed="true" stored="true"/>
  <dynamicField name="*_f" type="pfloat" indexed="true" stored="true"/>
  <dynamicField name="*_d" type="pdouble" indexed="true" stored="true"/>
  <dynamicField name="*_t" type="text_general" multiValued="false" indexed="true" stored="true"/>
  <dynamicField name="*_p" type="location" indexed="true" stored="true"/>
  <copyField source="answer_txt" dest="_spellcheck_text_"/>
  <copyField source="answer_txt" dest="_text_"/>
  <copyField source="doc_title" dest="_spellcheck_text_"/>
  <copyField source="doc_title" dest="_suggest_n_gram_text_"/>
  <copyField source="doc_title" dest="_suggest_text_"/>
  <copyField source="doc_title" dest="_text_"/>
  <copyField source="doc_txt" dest="_spellcheck_text_"/>
  <copyField source="doc_txt" dest="_text_"/>
  <copyField source="qna_title" dest="_spellcheck_text_"/>
  <copyField source="qna_title" dest="_suggest_n_gram_text_"/>
  <copyField source="qna_title" dest="_suggest_text_"/>
  <copyField source="qna_title" dest="_text_"/>
  <copyField source="question_txt" dest="_spellcheck_text_"/>
  <copyField source="question_txt" dest="_text_"/>
  <copyField source="team_name" dest="_spellcheck_text_"/>
  <copyField source="team_name" dest="_suggest_n_gram_text_"/>
  <copyField source="team_name" dest="_suggest_text_"/>
  <copyField source="team_name" dest="_text_"/>
  <copyField source="user_display_name" dest="_spellcheck_text_"/>
  <copyField source="user_display_name" dest="_suggest_n_gram_text_"/>
  <copyField source="user_display_name" dest="_suggest_text_"/>
  <copyField source="user_display_name" dest="_text_"/>
  <copyField source="user_email" dest="_spellcheck_text_"/>
  <copyField source="user_email" dest="_suggest_n_gram_text_"/>
  <copyField source="user_email" dest="_suggest_text_"/>
  <copyField source="user_email" dest="_text_"/>
  <copyField source="user_name" dest="_spellcheck_text_"/>
  <copyField source="user_name" dest="_suggest_n_gram_text_"/>
  <copyField source="user_name" dest="_suggest_text_"/>
  <copyField source="user_name" dest="_text_"/>
  <copyField source="user_phone_number" dest="_spellcheck_text_"/>
  <copyField source="user_phone_number" dest="_suggest_n_gram_text_"/>
  <copyField source="user_phone_number" dest="_suggest_text_"/>
  <copyField source="user_phone_number" dest="_text_"/>
</schema>