{
  "requestHandler":{
    "/suggest":{
      "name":"/suggest",
      "class":"solr.SearchHandler",
      "defaults":{
        "wt":"json",
        "indent":"true",
        "suggest":"true",
        "suggest.dictionary":"default",
        "suggest.count":"10"},
      "last-components":["suggest"]},
    "/query":{
      "name":"/query",
      "class":"solr.SearchHandler",
      "defaults":{
        "wt":"json",
        "indent":"true",
        "hl":"true",
        "hl.tag.pre":"<strong>",
        "hl.tag.post":"</strong>",
        "hl.defaultSummary":"true",
        "hl.fl":[
          "doc_txt",
          "question_txt",
          "answer_txt"],
        "spellcheck":"true",
        "spellcheck.count":"1",
        "spellcheck.alternativeTermCount":"5",
        "spellcheck.extendedResults":"true",
        "spellcheck.collate":"true",
        "spellcheck.maxCollations":"1",
        "spellcheck.maxCollationTries":"10",
        "spellcheck.collateExtendedResults":"true",
        "spellcheck.maxResultsForSuggest":"3",
        "spellcheck.dictionary":"default",
        "suggest":"true",
        "suggest.dictionary":"default",
        "suggest.count":"10"},
      "last-components":[
        "spellcheck",
        "suggest"]}},
  "userProps":{"update.autoCreateFields":false},
  "props":{"updateHandler":{"autoSoftCommit":{"maxTime":60000}}},
  "searchComponent":{
    "suggest":{
      "name":"suggest",
      "class":"solr.SuggestComponent",
      "suggester":[
        {
          "name":"default",
          "lookupImpl":"FuzzyLookupFactory",
          "dictionaryImpl":"HighFrequencyDictionaryFactory",
          "field":"_basic_text_",
          "buildOnCommit":"true",
          "suggestAnalyzerFieldType":"basic_text"},
        {
          "name":"user",
          "lookupImpl":"FuzzyLookupFactory",
          "dictionaryImpl":"HighFrequencyDictionaryFactory",
          "field":"_user_fields_",
          "buildOnCommit":"true",
          "suggestAnalyzerFieldType":"basic_text"},
        {
          "name":"team",
          "lookupImpl":"FuzzyLookupFactory",
          "dictionaryImpl":"HighFrequencyDictionaryFactory",
          "field":"team_name",
          "buildOnCommit":"true",
          "suggestAnalyzerFieldType":"basic_text"},
        {
          "name":"doc",
          "lookupImpl":"FuzzyLookupFactory",
          "dictionaryImpl":"HighFrequencyDictionaryFactory",
          "field":"_doc_fields_",
          "buildOnCommit":"true",
          "suggestAnalyzerFieldType":"basic_text"},
        {
          "name":"qna",
          "lookupImpl":"FuzzyLookupFactory",
          "dictionaryImpl":"HighFrequencyDictionaryFactory",
          "field":"_qna_fields_",
          "buildOnCommit":"true",
          "suggestAnalyzerFieldType":"basic_text"}]},
    "spellcheck":{
      "name":"spellcheck",
      "class":"solr.SpellCheckComponent",
      "queryAnalyzerFieldType":"basic_text",
      "spellchecker":[
        {
          "name":"default",
          "field":"_basic_text_",
          "classname":"solr.DirectSolrSpellChecker",
          "distanceMeasure":"internal",
          "accuracy":0.5,
          "maxEdits":2,
          "minPrefix":1,
          "maxInspections":5,
          "minQueryLength":4,
          "maxQueryFrequency":0.01},
        {
          "name":"user",
          "field":"_user_fields_",
          "classname":"solr.DirectSolrSpellChecker",
          "distanceMeasure":"internal",
          "accuracy":0.5,
          "maxEdits":2,
          "minPrefix":1,
          "maxInspections":5,
          "minQueryLength":4,
          "maxQueryFrequency":0.01},
        {
          "name":"team",
          "field":"_team_fields_",
          "classname":"solr.DirectSolrSpellChecker",
          "distanceMeasure":"internal",
          "accuracy":0.5,
          "maxEdits":2,
          "minPrefix":1,
          "maxInspections":5,
          "minQueryLength":4,
          "maxQueryFrequency":0.01},
        {
          "name":"doc",
          "field":"_doc_fields_",
          "classname":"solr.DirectSolrSpellChecker",
          "distanceMeasure":"internal",
          "accuracy":0.5,
          "maxEdits":2,
          "minPrefix":1,
          "maxInspections":5,
          "minQueryLength":4,
          "maxQueryFrequency":0.01},
        {
          "name":"qna",
          "field":"_qna_fields_",
          "classname":"solr.DirectSolrSpellChecker",
          "distanceMeasure":"internal",
          "accuracy":0.5,
          "maxEdits":2,
          "minPrefix":1,
          "maxInspections":5,
          "minQueryLength":4,
          "maxQueryFrequency":0.01}]}}}